year,adm2_name,c_exchange_rate_unofficial
2015,Abra,45.501666666666665
2015,Agusan del Norte,45.501666666666665
2015,Agusan del Sur,45.501666666666665
2015,Aklan,45.501666666666665
2015,Albay,45.501666666666665
2015,Antique,45.501666666666665
2015,Apayao,45.501666666666665
2015,Aurora,45.501666666666665
2015,Basilan,45.501666666666665
2015,Bataan,45.501666666666665
2015,Batangas,45.501666666666665
2015,Benguet,45.501666666666665
2015,Biliran,45.501666666666665
2015,Bohol,45.501666666666665
2015,Bukidnon,45.501666666666665
2015,Bulacan,45.501666666666665
2015,Cagayan,45.501666666666665
2015,Camarines Norte,45.501666666666665
2015,Camarines Sur,45.501666666666665
2015,Camiguin,45.501666666666665
2015,Capiz,45.501666666666665
2015,Catanduanes,45.501666666666665
2015,Cavite,45.501666666666665
2015,Cebu,45.501666666666665
2015,Compostela Valley,45.501666666666665
2015,Davao Oriental,45.501666666666665
2015,Davao del Norte,45.501666666666665
2015,Davao del Sur,45.501666666666665
2015,Dinagat Islands,45.501666666666665
2015,Eastern Samar,45.501666666666665
2015,Guimaras,45.501666666666665
2015,Ifugao,45.501666666666665
2015,Ilocos Norte,45.501666666666665
2015,Ilocos Sur,45.501666666666665
2015,Iloilo,45.501666666666665
2015,Isabela,45.501666666666665
2015,Kalinga,45.501666666666665
2015,La Union,45.501666666666665
2015,Laguna,45.501666666666665
2015,Lanao del Norte,45.501666666666665
2015,Lanao del Sur,45.501666666666665
2015,Leyte,45.501666666666665
2015,Maguindanao,45.501666666666665
2015,Marinduque,45.501666666666665
2015,Market Average,45.501666666666665
2015,Masbate,45.501666666666665
2015,Metropolitan Manila,45.501666666666665
2015,Misamis Occidental,45.501666666666665
2015,Misamis Oriental,45.501666666666665
2015,Mountain Province,45.501666666666665
2015,Negros Occidental,45.501666666666665
2015,Negros Oriental,45.501666666666665
2015,North Cotabato,45.501666666666665
2015,Northern Samar,45.501666666666665
2015,Nueva Ecija,45.501666666666665
2015,Nueva Vizcaya,45.501666666666665
2015,Occidental Mindoro,45.501666666666665
2015,Oriental Mindoro,45.501666666666665
2015,Palawan,45.501666666666665
2015,Pangasinan,45.501666666666665
2015,Quezon,45.501666666666665
2015,Quirino,45.501666666666665
2015,Rizal,45.501666666666665
2015,Romblon,45.501666666666665
2015,Samar,45.501666666666665
2015,Sarangani,45.501666666666665
2015,Siquijor,45.501666666666665
2015,Sorsogon,45.501666666666665
2015,South Cotabato,45.501666666666665
2015,Southern Leyte,45.501666666666665
2015,Sultan Kudarat,45.501666666666665
2015,Sulu,45.501666666666665
2015,Surigao del Norte,45.501666666666665
2015,Surigao del Sur,45.501666666666665
2015,Tarlac,45.501666666666665
2015,Tawi-Tawi,45.501666666666665
2015,Zambales,45.501666666666665
2015,Zamboanga Sibugay,45.501666666666665
2015,Zamboanga del Norte,45.501666666666665
2015,Zamboanga del Sur,45.501666666666665
2016,Abra,47.4925
2016,Agusan del Norte,47.4925
2016,Agusan del Sur,47.4925
2016,Aklan,47.4925
2016,Albay,47.4925
2016,Antique,47.4925
2016,Apayao,47.4925
2016,Aurora,47.4925
2016,Basilan,47.4925
2016,Bataan,47.4925
2016,Batangas,47.4925
2016,Benguet,47.4925
2016,Biliran,47.4925
2016,Bohol,47.4925
2016,Bukidnon,47.4925
2016,Bulacan,47.4925
2016,Cagayan,47.4925
2016,Camarines Norte,47.4925
2016,Camarines Sur,47.4925
2016,Camiguin,47.4925
2016,Capiz,47.4925
2016,Catanduanes,47.4925
2016,Cavite,47.4925
2016,Cebu,47.4925
2016,Compostela Valley,47.4925
2016,Davao Oriental,47.4925
2016,Davao del Norte,47.4925
2016,Davao del Sur,47.4925
2016,Dinagat Islands,47.4925
2016,Eastern Samar,47.4925
2016,Guimaras,47.4925
2016,Ifugao,47.4925
2016,Ilocos Norte,47.4925
2016,Ilocos Sur,47.4925
2016,Iloilo,47.4925
2016,Isabela,47.4925
2016,Kalinga,47.4925
2016,La Union,47.4925
2016,Laguna,47.4925
2016,Lanao del Norte,47.4925
2016,Lanao del Sur,47.4925
2016,Leyte,47.4925
2016,Maguindanao,47.4925
2016,Marinduque,47.4925
2016,Market Average,47.4925
2016,Masbate,47.4925
2016,Metropolitan Manila,47.4925
2016,Misamis Occidental,47.4925
2016,Misamis Oriental,47.4925
2016,Mountain Province,47.4925
2016,Negros Occidental,47.4925
2016,Negros Oriental,47.4925
2016,North Cotabato,47.4925
2016,Northern Samar,47.4925
2016,Nueva Ecija,47.4925
2016,Nueva Vizcaya,47.4925
2016,Occidental Mindoro,47.4925
2016,Oriental Mindoro,47.4925
2016,Palawan,47.4925
2016,Pangasinan,47.4925
2016,Quezon,47.4925
2016,Quirino,47.4925
2016,Rizal,47.4925
2016,Romblon,47.4925
2016,Samar,47.4925
2016,Sarangani,47.4925
2016,Siquijor,47.4925
2016,Sorsogon,47.4925
2016,South Cotabato,47.4925
2016,Southern Leyte,47.4925
2016,Sultan Kudarat,47.4925
2016,Sulu,47.4925
2016,Surigao del Norte,47.4925
2016,Surigao del Sur,47.4925
2016,Tarlac,47.4925
2016,Tawi-Tawi,47.4925
2016,Zambales,47.4925
2016,Zamboanga Sibugay,47.4925
2016,Zamboanga del Norte,47.4925
2016,Zamboanga del Sur,47.4925
2017,Abra,50.403333333333336
2017,Agusan del Norte,50.403333333333336
2017,Agusan del Sur,50.403333333333336
2017,Aklan,50.403333333333336
2017,Albay,50.403333333333336
2017,Antique,50.403333333333336
2017,Apayao,50.403333333333336
2017,Aurora,50.403333333333336
2017,Basilan,50.403333333333336
2017,Bataan,50.403333333333336
2017,Batangas,50.403333333333336
2017,Benguet,50.403333333333336
2017,Biliran,50.403333333333336
2017,Bohol,50.403333333333336
2017,Bukidnon,50.403333333333336
2017,Bulacan,50.403333333333336
2017,Cagayan,50.403333333333336
2017,Camarines Norte,50.403333333333336
2017,Camarines Sur,50.403333333333336
2017,Camiguin,50.403333333333336
2017,Capiz,50.403333333333336
2017,Catanduanes,50.403333333333336
2017,Cavite,50.403333333333336
2017,Cebu,50.403333333333336
2017,Compostela Valley,50.403333333333336
2017,Davao Oriental,50.403333333333336
2017,Davao del Norte,50.403333333333336
2017,Davao del Sur,50.403333333333336
2017,Dinagat Islands,50.403333333333336
2017,Eastern Samar,50.403333333333336
2017,Guimaras,50.403333333333336
2017,Ifugao,50.403333333333336
2017,Ilocos Norte,50.403333333333336
2017,Ilocos Sur,50.403333333333336
2017,Iloilo,50.403333333333336
2017,Isabela,50.403333333333336
2017,Kalinga,50.403333333333336
2017,La Union,50.403333333333336
2017,Laguna,50.403333333333336
2017,Lanao del Norte,50.403333333333336
2017,Lanao del Sur,50.403333333333336
2017,Leyte,50.403333333333336
2017,Maguindanao,50.403333333333336
2017,Marinduque,50.403333333333336
2017,Market Average,50.403333333333336
2017,Masbate,50.403333333333336
2017,Metropolitan Manila,50.403333333333336
2017,Misamis Occidental,50.403333333333336
2017,Misamis Oriental,50.403333333333336
2017,Mountain Province,50.403333333333336
2017,Negros Occidental,50.403333333333336
2017,Negros Oriental,50.403333333333336
2017,North Cotabato,50.403333333333336
2017,Northern Samar,50.403333333333336
2017,Nueva Ecija,50.403333333333336
2017,Nueva Vizcaya,50.403333333333336
2017,Occidental Mindoro,50.403333333333336
2017,Oriental Mindoro,50.403333333333336
2017,Palawan,50.403333333333336
2017,Pangasinan,50.403333333333336
2017,Quezon,50.403333333333336
2017,Quirino,50.403333333333336
2017,Rizal,50.403333333333336
2017,Romblon,50.403333333333336
2017,Samar,50.403333333333336
2017,Sarangani,50.403333333333336
2017,Siquijor,50.403333333333336
2017,Sorsogon,50.403333333333336
2017,South Cotabato,50.403333333333336
2017,Southern Leyte,50.403333333333336
2017,Sultan Kudarat,50.403333333333336
2017,Sulu,50.403333333333336
2017,Surigao del Norte,50.403333333333336
2017,Surigao del Sur,50.403333333333336
2017,Tarlac,50.403333333333336
2017,Tawi-Tawi,50.403333333333336
2017,Zambales,50.403333333333336
2017,Zamboanga Sibugay,50.403333333333336
2017,Zamboanga del Norte,50.403333333333336
2017,Zamboanga del Sur,50.403333333333336
2018,Abra,52.66166666666667
2018,Agusan del Norte,52.66166666666667
2018,Agusan del Sur,52.66166666666667
2018,Aklan,52.66166666666667
2018,Albay,52.66166666666667
2018,Antique,52.66166666666667
2018,Apayao,52.66166666666667
2018,Aurora,52.66166666666667
2018,Basilan,52.66166666666667
2018,Bataan,52.66166666666667
2018,Batangas,52.66166666666667
2018,Benguet,52.66166666666666
2018,Biliran,52.66166666666667
2018,Bohol,52.66166666666667
2018,Bukidnon,52.66166666666667
2018,Bulacan,52.66166666666667
2018,Cagayan,52.66166666666667
2018,Camarines Norte,52.66166666666667
2018,Camarines Sur,52.66166666666667
2018,Camiguin,52.66166666666667
2018,Capiz,52.66166666666667
2018,Catanduanes,52.66166666666667
2018,Cavite,52.66166666666667
2018,Cebu,52.66166666666667
2018,Compostela Valley,52.66166666666667
2018,Davao Oriental,52.66166666666667
2018,Davao del Norte,52.66166666666667
2018,Davao del Sur,52.66166666666666
2018,Dinagat Islands,52.66166666666667
2018,Eastern Samar,52.66166666666667
2018,Guimaras,52.66166666666667
2018,Ifugao,52.66166666666667
2018,Ilocos Norte,52.66166666666667
2018,Ilocos Sur,52.66166666666667
2018,Iloilo,52.66166666666667
2018,Isabela,52.66166666666667
2018,Kalinga,52.66166666666667
2018,La Union,52.66166666666667
2018,Laguna,52.66166666666667
2018,Lanao del Norte,52.66166666666667
2018,Lanao del Sur,52.66166666666667
2018,Leyte,52.66166666666667
2018,Maguindanao,52.66166666666666
2018,Marinduque,52.66166666666667
2018,Market Average,52.66166666666667
2018,Masbate,52.66166666666667
2018,Metropolitan Manila,52.66166666666667
2018,Misamis Occidental,52.66166666666667
2018,Misamis Oriental,52.66166666666667
2018,Mountain Province,52.66166666666667
2018,Negros Occidental,52.66166666666667
2018,Negros Oriental,52.66166666666667
2018,North Cotabato,52.66166666666667
2018,Northern Samar,52.66166666666667
2018,Nueva Ecija,52.66166666666666
2018,Nueva Vizcaya,52.66166666666667
2018,Occidental Mindoro,52.66166666666667
2018,Oriental Mindoro,52.66166666666667
2018,Palawan,52.66166666666667
2018,Pangasinan,52.66166666666667
2018,Quezon,52.66166666666667
2018,Quirino,52.66166666666667
2018,Rizal,52.66166666666667
2018,Romblon,52.66166666666667
2018,Samar,52.66166666666667
2018,Sarangani,52.66166666666667
2018,Siquijor,52.66166666666667
2018,Sorsogon,52.66166666666667
2018,South Cotabato,52.66166666666667
2018,Southern Leyte,52.66166666666667
2018,Sultan Kudarat,52.66166666666667
2018,Sulu,52.66166666666667
2018,Surigao del Norte,52.66166666666667
2018,Surigao del Sur,52.66166666666667
2018,Tarlac,52.66166666666667
2018,Tawi-Tawi,52.66166666666667
2018,Zambales,52.66166666666667
2018,Zamboanga Sibugay,52.66166666666667
2018,Zamboanga del Norte,52.66166666666667
2018,Zamboanga del Sur,52.66166666666667
2019,Abra,51.794999999999995
2019,Agusan del Norte,51.794999999999995
2019,Agusan del Sur,51.794999999999995
2019,Aklan,51.794999999999995
2019,Albay,51.794999999999995
2019,Antique,51.794999999999995
2019,Apayao,51.794999999999995
2019,Aurora,51.794999999999995
2019,Basilan,51.794999999999995
2019,Bataan,51.794999999999995
2019,Batangas,51.794999999999995
2019,Benguet,51.794999999999995
2019,Biliran,51.794999999999995
2019,Bohol,51.794999999999995
2019,Bukidnon,51.794999999999995
2019,Bulacan,51.794999999999995
2019,Cagayan,51.794999999999995
2019,Camarines Norte,51.794999999999995
2019,Camarines Sur,51.794999999999995
2019,Camiguin,51.794999999999995
2019,Capiz,51.794999999999995
2019,Catanduanes,51.794999999999995
2019,Cavite,51.794999999999995
2019,Cebu,51.794999999999995
2019,Compostela Valley,51.794999999999995
2019,Davao Oriental,51.794999999999995
2019,Davao del Norte,51.794999999999995
2019,Davao del Sur,51.794999999999995
2019,Dinagat Islands,51.794999999999995
2019,Eastern Samar,51.794999999999995
2019,Guimaras,51.794999999999995
2019,Ifugao,51.794999999999995
2019,Ilocos Norte,51.794999999999995
2019,Ilocos Sur,51.794999999999995
2019,Iloilo,51.794999999999995
2019,Isabela,51.794999999999995
2019,Kalinga,51.794999999999995
2019,La Union,51.794999999999995
2019,Laguna,51.794999999999995
2019,Lanao del Norte,51.794999999999995
2019,Lanao del Sur,51.794999999999995
2019,Leyte,51.794999999999995
2019,Maguindanao,51.794999999999995
2019,Marinduque,51.794999999999995
2019,Market Average,51.794999999999995
2019,Masbate,51.794999999999995
2019,Metropolitan Manila,51.794999999999995
2019,Misamis Occidental,51.794999999999995
2019,Misamis Oriental,51.794999999999995
2019,Mountain Province,51.794999999999995
2019,Negros Occidental,51.794999999999995
2019,Negros Oriental,51.794999999999995
2019,North Cotabato,51.794999999999995
2019,Northern Samar,51.794999999999995
2019,Nueva Ecija,51.794999999999995
2019,Nueva Vizcaya,51.794999999999995
2019,Occidental Mindoro,51.794999999999995
2019,Oriental Mindoro,51.794999999999995
2019,Palawan,51.794999999999995
2019,Pangasinan,51.794999999999995
2019,Quezon,51.794999999999995
2019,Quirino,51.794999999999995
2019,Rizal,51.794999999999995
2019,Romblon,51.794999999999995
2019,Samar,51.794999999999995
2019,Sarangani,51.794999999999995
2019,Siquijor,51.794999999999995
2019,Sorsogon,51.794999999999995
2019,South Cotabato,51.794999999999995
2019,Southern Leyte,51.794999999999995
2019,Sultan Kudarat,51.794999999999995
2019,Sulu,51.794999999999995
2019,Surigao del Norte,51.794999999999995
2019,Surigao del Sur,51.794999999999995
2019,Tarlac,51.794999999999995
2019,Tawi-Tawi,51.794999999999995
2019,Zambales,51.794999999999995
2019,Zamboanga Sibugay,51.794999999999995
2019,Zamboanga del Norte,51.794999999999995
2019,Zamboanga del Sur,51.794999999999995
2020,Abra,49.623333333333335
2020,Agusan del Norte,49.623333333333335
2020,Agusan del Sur,49.623333333333335
2020,Aklan,49.623333333333335
2020,Albay,49.623333333333335
2020,Antique,49.623333333333335
2020,Apayao,49.623333333333335
2020,Aurora,49.623333333333335
2020,Basilan,49.623333333333335
2020,Bataan,49.623333333333335
2020,Batangas,49.623333333333335
2020,Benguet,49.623333333333335
2020,Biliran,49.623333333333335
2020,Bohol,49.623333333333335
2020,Bukidnon,49.623333333333335
2020,Bulacan,49.623333333333335
2020,Cagayan,49.623333333333335
2020,Camarines Norte,49.623333333333335
2020,Camarines Sur,49.623333333333335
2020,Camiguin,49.623333333333335
2020,Capiz,49.623333333333335
2020,Catanduanes,49.623333333333335
2020,Cavite,49.623333333333335
2020,Cebu,49.623333333333335
2020,Compostela Valley,49.623333333333335
2020,Davao Oriental,49.623333333333335
2020,Davao del Norte,49.623333333333335
2020,Davao del Sur,49.623333333333335
2020,Dinagat Islands,49.623333333333335
2020,Eastern Samar,49.623333333333335
2020,Guimaras,49.623333333333335
2020,Ifugao,49.623333333333335
2020,Ilocos Norte,49.623333333333335
2020,Ilocos Sur,49.623333333333335
2020,Iloilo,49.623333333333335
2020,Isabela,49.623333333333335
2020,Kalinga,49.623333333333335
2020,La Union,49.623333333333335
2020,Laguna,49.623333333333335
2020,Lanao del Norte,49.623333333333335
2020,Lanao del Sur,49.623333333333335
2020,Leyte,49.623333333333335
2020,Maguindanao,49.623333333333335
2020,Marinduque,49.623333333333335
2020,Market Average,49.623333333333335
2020,Masbate,49.623333333333335
2020,Metropolitan Manila,49.623333333333335
2020,Misamis Occidental,49.623333333333335
2020,Misamis Oriental,49.623333333333335
2020,Mountain Province,49.623333333333335
2020,Negros Occidental,49.623333333333335
2020,Negros Oriental,49.623333333333335
2020,North Cotabato,49.623333333333335
2020,Northern Samar,49.623333333333335
2020,Nueva Ecija,49.623333333333335
2020,Nueva Vizcaya,49.623333333333335
2020,Occidental Mindoro,49.623333333333335
2020,Oriental Mindoro,49.623333333333335
2020,Palawan,49.623333333333335
2020,Pangasinan,49.623333333333335
2020,Quezon,49.623333333333335
2020,Quirino,49.623333333333335
2020,Rizal,49.623333333333335
2020,Romblon,49.623333333333335
2020,Samar,49.623333333333335
2020,Sarangani,49.623333333333335
2020,Siquijor,49.623333333333335
2020,Sorsogon,49.623333333333335
2020,South Cotabato,49.623333333333335
2020,Southern Leyte,49.623333333333335
2020,Sultan Kudarat,49.623333333333335
2020,Sulu,49.623333333333335
2020,Surigao del Norte,49.623333333333335
2020,Surigao del Sur,49.623333333333335
2020,Tarlac,49.623333333333335
2020,Tawi-Tawi,49.623333333333335
2020,Zambales,49.623333333333335
2020,Zamboanga Sibugay,49.623333333333335
2020,Zamboanga del Norte,49.623333333333335
2020,Zamboanga del Sur,49.623333333333335
2021,Abra,49.25333333333333
2021,Agusan del Norte,49.25333333333333
2021,Agusan del Sur,49.25333333333333
2021,Aklan,49.25333333333333
2021,Albay,49.25333333333333
2021,Antique,49.25333333333333
2021,Apayao,49.25333333333333
2021,Aurora,49.25333333333333
2021,Basilan,49.25333333333333
2021,Bataan,49.25333333333333
2021,Batangas,49.25333333333333
2021,Benguet,49.25333333333333
2021,Biliran,49.25333333333333
2021,Bohol,49.25333333333333
2021,Bukidnon,49.25333333333333
2021,Bulacan,49.25333333333333
2021,Cagayan,49.25333333333333
2021,Camarines Norte,49.25333333333333
2021,Camarines Sur,49.25333333333333
2021,Camiguin,49.25333333333333
2021,Capiz,49.25333333333333
2021,Catanduanes,49.25333333333333
2021,Cavite,49.25333333333333
2021,Cebu,49.25333333333333
2021,Compostela Valley,49.25333333333333
2021,Davao Oriental,49.25333333333333
2021,Davao del Norte,49.25333333333333
2021,Davao del Sur,49.25333333333333
2021,Dinagat Islands,49.25333333333333
2021,Eastern Samar,49.25333333333333
2021,Guimaras,49.25333333333333
2021,Ifugao,49.25333333333333
2021,Ilocos Norte,49.25333333333333
2021,Ilocos Sur,49.25333333333333
2021,Iloilo,49.25333333333333
2021,Isabela,49.25333333333333
2021,Kalinga,49.25333333333333
2021,La Union,49.25333333333333
2021,Laguna,49.25333333333333
2021,Lanao del Norte,49.25333333333333
2021,Lanao del Sur,49.25333333333333
2021,Leyte,49.25333333333333
2021,Maguindanao,49.25333333333333
2021,Marinduque,49.25333333333333
2021,Market Average,49.25333333333333
2021,Masbate,49.25333333333333
2021,Metropolitan Manila,49.25333333333333
2021,Misamis Occidental,49.25333333333333
2021,Misamis Oriental,49.25333333333333
2021,Mountain Province,49.25333333333333
2021,Negros Occidental,49.25333333333333
2021,Negros Oriental,49.25333333333333
2021,North Cotabato,49.25333333333333
2021,Northern Samar,49.25333333333333
2021,Nueva Ecija,49.25333333333333
2021,Nueva Vizcaya,49.25333333333333
2021,Occidental Mindoro,49.25333333333333
2021,Oriental Mindoro,49.25333333333333
2021,Palawan,49.25333333333333
2021,Pangasinan,49.25333333333333
2021,Quezon,49.25333333333333
2021,Quirino,49.25333333333333
2021,Rizal,49.25333333333333
2021,Romblon,49.25333333333333
2021,Samar,49.25333333333333
2021,Sarangani,49.25333333333333
2021,Siquijor,49.25333333333333
2021,Sorsogon,49.25333333333333
2021,South Cotabato,49.25333333333333
2021,Southern Leyte,49.25333333333333
2021,Sultan Kudarat,49.25333333333333
2021,Sulu,49.25333333333333
2021,Surigao del Norte,49.25333333333333
2021,Surigao del Sur,49.25333333333333
2021,Tarlac,49.25333333333333
2021,Tawi-Tawi,49.25333333333333
2021,Zambales,49.25333333333333
2021,Zamboanga Sibugay,49.25333333333333
2021,Zamboanga del Norte,49.25333333333333
2021,Zamboanga del Sur,49.25333333333333
2022,Abra,54.479166666666664
2022,Agusan del Norte,54.479166666666664
2022,Agusan del Sur,54.479166666666664
2022,Aklan,54.479166666666664
2022,Albay,54.479166666666664
2022,Antique,54.479166666666664
2022,Apayao,54.479166666666664
2022,Aurora,54.479166666666664
2022,Basilan,54.479166666666664
2022,Bataan,54.479166666666664
2022,Batangas,54.479166666666664
2022,Benguet,54.479166666666664
2022,Biliran,54.479166666666664
2022,Bohol,54.479166666666664
2022,Bukidnon,54.479166666666664
2022,Bulacan,54.479166666666664
2022,Cagayan,54.479166666666664
2022,Camarines Norte,54.479166666666664
2022,Camarines Sur,54.479166666666664
2022,Camiguin,54.479166666666664
2022,Capiz,54.479166666666664
2022,Catanduanes,54.479166666666664
2022,Cavite,54.479166666666664
2022,Cebu,54.479166666666664
2022,Compostela Valley,54.479166666666664
2022,Davao Oriental,54.479166666666664
2022,Davao del Norte,54.479166666666664
2022,Davao del Sur,54.479166666666664
2022,Dinagat Islands,54.479166666666664
2022,Eastern Samar,54.479166666666664
2022,Guimaras,54.479166666666664
2022,Ifugao,54.479166666666664
2022,Ilocos Norte,54.479166666666664
2022,Ilocos Sur,54.479166666666664
2022,Iloilo,54.479166666666664
2022,Isabela,54.479166666666664
2022,Kalinga,54.479166666666664
2022,La Union,54.479166666666664
2022,Laguna,54.479166666666664
2022,Lanao del Norte,54.479166666666664
2022,Lanao del Sur,54.479166666666664
2022,Leyte,54.479166666666664
2022,Maguindanao,54.479166666666664
2022,Marinduque,54.479166666666664
2022,Market Average,54.479166666666664
2022,Masbate,54.479166666666664
2022,Metropolitan Manila,54.479166666666664
2022,Misamis Occidental,54.479166666666664
2022,Misamis Oriental,54.479166666666664
2022,Mountain Province,54.479166666666664
2022,Negros Occidental,54.479166666666664
2022,Negros Oriental,54.479166666666664
2022,North Cotabato,54.479166666666664
2022,Northern Samar,54.479166666666664
2022,Nueva Ecija,54.479166666666664
2022,Nueva Vizcaya,54.479166666666664
2022,Occidental Mindoro,54.479166666666664
2022,Oriental Mindoro,54.479166666666664
2022,Palawan,54.479166666666664
2022,Pangasinan,54.479166666666664
2022,Quezon,54.479166666666664
2022,Quirino,54.479166666666664
2022,Rizal,54.479166666666664
2022,Romblon,54.479166666666664
2022,Samar,54.479166666666664
2022,Sarangani,54.479166666666664
2022,Siquijor,54.479166666666664
2022,Sorsogon,54.479166666666664
2022,South Cotabato,54.479166666666664
2022,Southern Leyte,54.479166666666664
2022,Sultan Kudarat,54.479166666666664
2022,Sulu,54.479166666666664
2022,Surigao del Norte,54.479166666666664
2022,Surigao del Sur,54.479166666666664
2022,Tarlac,54.479166666666664
2022,Tawi-Tawi,54.479166666666664
2022,Zambales,54.479166666666664
2022,Zamboanga Sibugay,54.479166666666664
2022,Zamboanga del Norte,54.479166666666664
2022,Zamboanga del Sur,54.479166666666664
2023,Abra,55.630833333333335
2023,Agusan del Norte,55.630833333333335
2023,Agusan del Sur,55.630833333333335
2023,Aklan,55.630833333333335
2023,Albay,55.630833333333335
2023,Antique,55.630833333333335
2023,Apayao,55.630833333333335
2023,Aurora,55.630833333333335
2023,Basilan,55.630833333333335
2023,Bataan,55.630833333333335
2023,Batangas,55.630833333333335
2023,Benguet,55.630833333333335
2023,Biliran,55.630833333333335
2023,Bohol,55.630833333333335
2023,Bukidnon,55.630833333333335
2023,Bulacan,55.630833333333335
2023,Cagayan,55.630833333333335
2023,Camarines Norte,55.630833333333335
2023,Camarines Sur,55.630833333333335
2023,Camiguin,55.630833333333335
2023,Capiz,55.630833333333335
2023,Catanduanes,55.630833333333335
2023,Cavite,55.630833333333335
2023,Cebu,55.630833333333335
2023,Compostela Valley,55.630833333333335
2023,Davao Oriental,55.630833333333335
2023,Davao del Norte,55.630833333333335
2023,Davao del Sur,55.630833333333335
2023,Dinagat Islands,55.630833333333335
2023,Eastern Samar,55.630833333333335
2023,Guimaras,55.630833333333335
2023,Ifugao,55.630833333333335
2023,Ilocos Norte,55.630833333333335
2023,Ilocos Sur,55.630833333333335
2023,Iloilo,55.630833333333335
2023,Isabela,55.630833333333335
2023,Kalinga,55.630833333333335
2023,La Union,55.630833333333335
2023,Laguna,55.630833333333335
2023,Lanao del Norte,55.630833333333335
2023,Lanao del Sur,55.630833333333335
2023,Leyte,55.630833333333335
2023,Maguindanao,55.630833333333335
2023,Marinduque,55.630833333333335
2023,Market Average,55.630833333333335
2023,Masbate,55.630833333333335
2023,Metropolitan Manila,55.630833333333335
2023,Misamis Occidental,55.630833333333335
2023,Misamis Oriental,55.630833333333335
2023,Mountain Province,55.630833333333335
2023,Negros Occidental,55.630833333333335
2023,Negros Oriental,55.630833333333335
2023,North Cotabato,55.630833333333335
2023,Northern Samar,55.630833333333335
2023,Nueva Ecija,55.630833333333335
2023,Nueva Vizcaya,55.630833333333335
2023,Occidental Mindoro,55.630833333333335
2023,Oriental Mindoro,55.630833333333335
2023,Palawan,55.630833333333335
2023,Pangasinan,55.630833333333335
2023,Quezon,55.630833333333335
2023,Quirino,55.630833333333335
2023,Rizal,55.630833333333335
2023,Romblon,55.630833333333335
2023,Samar,55.630833333333335
2023,Sarangani,55.630833333333335
2023,Siquijor,55.630833333333335
2023,Sorsogon,55.630833333333335
2023,South Cotabato,55.630833333333335
2023,Southern Leyte,55.630833333333335
2023,Sultan Kudarat,55.630833333333335
2023,Sulu,55.630833333333335
2023,Surigao del Norte,55.630833333333335
2023,Surigao del Sur,55.630833333333335
2023,Tarlac,55.630833333333335
2023,Tawi-Tawi,55.630833333333335
2023,Zambales,55.630833333333335
2023,Zamboanga Sibugay,55.630833333333335
2023,Zamboanga del Norte,55.630833333333335
2023,Zamboanga del Sur,55.630833333333335
2024,Abra,57.28916666666667
2024,Agusan del Norte,57.28916666666667
2024,Agusan del Sur,57.28916666666667
2024,Aklan,57.28916666666667
2024,Albay,57.28916666666667
2024,Antique,57.28916666666667
2024,Apayao,57.28916666666667
2024,Aurora,57.28916666666667
2024,Basilan,57.28916666666667
2024,Bataan,57.28916666666667
2024,Batangas,57.28916666666667
2024,Benguet,57.28916666666666
2024,Biliran,57.28916666666667
2024,Bohol,57.28916666666667
2024,Bukidnon,57.28916666666667
2024,Bulacan,57.28916666666667
2024,Cagayan,57.28916666666667
2024,Camarines Norte,57.28916666666667
2024,Camarines Sur,57.28916666666667
2024,Camiguin,57.28916666666667
2024,Capiz,57.28916666666667
2024,Catanduanes,57.28916666666667
2024,Cavite,57.28916666666667
2024,Cebu,57.28916666666667
2024,Compostela Valley,57.28916666666667
2024,Davao Oriental,57.28916666666667
2024,Davao del Norte,57.28916666666667
2024,Davao del Sur,57.28916666666666
2024,Dinagat Islands,57.28916666666667
2024,Eastern Samar,57.28916666666667
2024,Guimaras,57.28916666666667
2024,Ifugao,57.28916666666667
2024,Ilocos Norte,57.28916666666667
2024,Ilocos Sur,57.28916666666667
2024,Iloilo,57.28916666666667
2024,Isabela,57.28916666666667
2024,Kalinga,57.28916666666667
2024,La Union,57.28916666666667
2024,Laguna,57.28916666666667
2024,Lanao del Norte,57.28916666666667
2024,Lanao del Sur,57.28916666666667
2024,Leyte,57.28916666666667
2024,Maguindanao,57.28916666666666
2024,Marinduque,57.28916666666667
2024,Market Average,57.28916666666667
2024,Masbate,57.28916666666667
2024,Metropolitan Manila,57.28916666666667
2024,Misamis Occidental,57.28916666666667
2024,Misamis Oriental,57.28916666666667
2024,Mountain Province,57.28916666666667
2024,Negros Occidental,57.28916666666667
2024,Negros Oriental,57.28916666666667
2024,North Cotabato,57.28916666666667
2024,Northern Samar,57.28916666666667
2024,Nueva Ecija,57.28916666666666
2024,Nueva Vizcaya,57.28916666666667
2024,Occidental Mindoro,57.28916666666667
2024,Oriental Mindoro,57.28916666666667
2024,Palawan,57.28916666666667
2024,Pangasinan,57.28916666666667
2024,Quezon,57.28916666666667
2024,Quirino,57.28916666666667
2024,Rizal,57.28916666666667
2024,Romblon,57.28916666666667
2024,Samar,57.28916666666667
2024,Sarangani,57.28916666666667
2024,Siquijor,57.28916666666667
2024,Sorsogon,57.28916666666667
2024,South Cotabato,57.28916666666667
2024,Southern Leyte,57.28916666666667
2024,Sultan Kudarat,57.28916666666667
2024,Sulu,57.28916666666667
2024,Surigao del Norte,57.28916666666667
2024,Surigao del Sur,57.28916666666667
2024,Tarlac,57.28916666666667
2024,Tawi-Tawi,57.28916666666667
2024,Zambales,57.28916666666667
2024,Zamboanga Sibugay,57.28916666666667
2024,Zamboanga del Norte,57.28916666666667
2024,Zamboanga del Sur,57.28916666666667
2025,Abra,57.227999999999994
2025,Agusan del Norte,57.227999999999994
2025,Agusan del Sur,57.227999999999994
2025,Aklan,57.227999999999994
2025,Albay,57.227999999999994
2025,Antique,57.227999999999994
2025,Apayao,57.227999999999994
2025,Aurora,57.227999999999994
2025,Basilan,57.227999999999994
2025,Bataan,57.227999999999994
2025,Batangas,57.227999999999994
2025,Benguet,57.227999999999994
2025,Biliran,57.227999999999994
2025,Bohol,57.227999999999994
2025,Bukidnon,57.227999999999994
2025,Bulacan,57.227999999999994
2025,Cagayan,57.227999999999994
2025,Camarines Norte,57.227999999999994
2025,Camarines Sur,57.227999999999994
2025,Camiguin,57.227999999999994
2025,Capiz,57.227999999999994
2025,Catanduanes,57.227999999999994
2025,Cavite,57.227999999999994
2025,Cebu,57.227999999999994
2025,Compostela Valley,57.227999999999994
2025,Davao Oriental,57.227999999999994
2025,Davao del Norte,57.227999999999994
2025,Davao del Sur,57.227999999999994
2025,Dinagat Islands,57.227999999999994
2025,Eastern Samar,57.227999999999994
2025,Guimaras,57.227999999999994
2025,Ifugao,57.227999999999994
2025,Ilocos Norte,57.227999999999994
2025,Ilocos Sur,57.227999999999994
2025,Iloilo,57.227999999999994
2025,Isabela,57.227999999999994
2025,Kalinga,57.227999999999994
2025,La Union,57.227999999999994
2025,Laguna,57.227999999999994
2025,Lanao del Norte,57.227999999999994
2025,Lanao del Sur,57.227999999999994
2025,Leyte,57.227999999999994
2025,Maguindanao,57.227999999999994
2025,Marinduque,57.227999999999994
2025,Market Average,57.227999999999994
2025,Masbate,57.227999999999994
2025,Metropolitan Manila,57.227999999999994
2025,Misamis Occidental,57.227999999999994
2025,Misamis Oriental,57.227999999999994
2025,Mountain Province,57.227999999999994
2025,Negros Occidental,57.227999999999994
2025,Negros Oriental,57.227999999999994
2025,North Cotabato,57.227999999999994
2025,Northern Samar,57.227999999999994
2025,Nueva Ecija,57.227999999999994
2025,Nueva Vizcaya,57.227999999999994
2025,Occidental Mindoro,57.227999999999994
2025,Oriental Mindoro,57.227999999999994
2025,Palawan,57.227999999999994
2025,Pangasinan,57.227999999999994
2025,Quezon,57.227999999999994
2025,Quirino,57.227999999999994
2025,Rizal,57.227999999999994
2025,Romblon,57.227999999999994
2025,Samar,57.227999999999994
2025,Sarangani,57.227999999999994
2025,Siquijor,57.227999999999994
2025,Sorsogon,57.227999999999994
2025,South Cotabato,57.227999999999994
2025,Southern Leyte,57.227999999999994
2025,Sultan Kudarat,57.227999999999994
2025,Sulu,57.227999999999994
2025,Surigao del Norte,57.227999999999994
2025,Surigao del Sur,57.227999999999994
2025,Tarlac,57.227999999999994
2025,Tawi-Tawi,57.227999999999994
2025,Zambales,57.227999999999994
2025,Zamboanga Sibugay,57.227999999999994
2025,Zamboanga del Norte,57.227999999999994
2025,Zamboanga del Sur,57.227999999999994
